Spectrum number, Filename/id, Peptide, E-value, Mass, gi, Accession, Start, Stop, Defline, Mods, Charge, Theo Mass, P-value, NIST score, Precursor Isolation m/z, Precursor Isolation Mass (Da), Precursor Theoretical Neutral Mass (Da), Precursor Experimental Neutral Mass (Da), Precursor Mass Error (ppm), Adjusted Precursor Mass Error (ppm), Q-Value (%)
2,TMT_6plex_yeast.FTMS.HCD35.00.17619.17619.3.RT_70.008_min_4200.5_s.dta,SCGVDAMSVDDLKK,8.43E-11,2212.196,0,BL_ORD_ID:6784,79,92,sp|P0CX44|RL1B_YEAST 60S ribosomal protein L1-B OS=Saccharomyces cerevisiae (strain ATCC 204508 / S288c) GN=RPL1B PE=1 SV=1,,3,2212.191,8.96E-15,0,738.4064941,2212.197653,2211.184679,2211.194298,4.350336933,3.037575292,0
4,TMT_6plex_yeast.FTMS.HCD35.00.17621.17621.2.RT_70.014_min_4200.8_s.dta,SGDIVILGPR,9.99E-07,1254.751,0,BL_ORD_ID:7624,297,306,sp|P06105|SC160_YEAST Protein SCP160 OS=Saccharomyces cerevisiae (strain ATCC 204508 / S288c) GN=SCP160 PE=1 SV=3,,2,1255.364,1.45E-10,0,628.3830566,1254.751561,1254.749844,1254.751561,1.367769327,0.055007686,0.075343756
6,TMT_6plex_yeast.FTMS.HCD35.00.17623.17623.2.RT_70.020_min_4201.2_s.dta,AEQVIQNIK,2.79E-13,1499.911,0,BL_ORD_ID:3324,53,61,sp|P40037|HMF1_YEAST Protein HMF1 OS=Saccharomyces cerevisiae (strain ATCC 204508 / S288c) GN=HMF1 PE=1 SV=1,,2,1500.517,3.44E-17,0,750.9628906,1499.911228,1499.907659,1499.911228,2.379849839,1.067088198,0
8,TMT_6plex_yeast.FTMS.HCD35.00.17625.17625.2.RT_70.026_min_4201.5_s.dta,SLVDNmITGVTK,5.97E-10,1750.991,0,BL_ORD_ID:6898,73,84,sp|P51401|RL9B_YEAST 60S ribosomal protein L9-B OS=Saccharomyces cerevisiae (strain ATCC 204508 / S288c) GN=RPL9B PE=1 SV=1,oxidation of M:6,2,1751.822,6.70E-14,0,876.5026245,1750.990696,1750.990403,1750.990696,0.16767604,-1.1450856,0
15,TMT_6plex_yeast.FTMS.HCD35.00.17632.17632.3.RT_70.052_min_4203.1_s.dta,DKYVLITGAGK,0.00039907,1851.146,0,BL_ORD_ID:2506,675,685,sp|P19097|FAS2_YEAST Fatty acid synthase subunit alpha OS=Saccharomyces cerevisiae (strain ATCC 204508 / S288c) GN=FAS2 PE=1 SV=2,,3,1851.85,4.57E-08,0,618.0564575,1851.147543,1851.143724,1851.147543,2.063340866,0.750579225,0.689223058
16,TMT_6plex_yeast.FTMS.HCD35.00.17633.17633.3.RT_70.055_min_4203.3_s.dta,ADRLWIPVNR,6.42E-11,1467.854,0,BL_ORD_ID:5918,72,81,sp|P00950|PMG1_YEAST Phosphoglycerate mutase 1 OS=Saccharomyces cerevisiae (strain ATCC 204508 / S288c) GN=GPM1 PE=1 SV=3,,3,1468.604,7.95E-15,0,490.2919312,1467.853964,1467.85129,1467.853964,1.822136241,0.5093746,0
20,TMT_6plex_yeast.FTMS.HCD35.00.17637.17637.3.RT_70.067_min_4204.0_s.dta,MKVEVDSFSGAK,2.52E-10,1985.135,0,BL_ORD_ID:6806,1,12,sp|P24000|RL24B_YEAST 60S ribosomal protein L24-B OS=Saccharomyces cerevisiae (strain ATCC 204508 / S288c) GN=RPL24B PE=1 SV=1,,3,1984.98,2.76E-14,0,662.718689,1985.134238,1984.127088,1984.130883,1.912871839,0.600110199,0
21,TMT_6plex_yeast.FTMS.HCD35.00.17638.17638.3.RT_70.070_min_4204.2_s.dta,SLVDNmITGVTK,1.16E-10,1751.996,0,BL_ORD_ID:6898,73,84,sp|P51401|RL9B_YEAST 60S ribosomal protein L9-B OS=Saccharomyces cerevisiae (strain ATCC 204508 / S288c) GN=RPL9B PE=1 SV=1,oxidation of M:6,3,1751.822,1.33E-14,0,585.0060425,1751.996298,1750.990403,1750.992943,1.451064096,0.138302456,0
22,TMT_6plex_yeast.FTMS.HCD35.00.17639.17639.2.RT_70.072_min_4204.3_s.dta,ACVVYGGSPIGNQLR,1.60E-10,1819.979,0,BL_ORD_ID:1856,256,270,sp|P06634|DED1_YEAST ATP-dependent RNA helicase DED1 OS=Saccharomyces cerevisiae (strain ATCC 204508 / S288c) GN=DED1 PE=1 SV=2,,2,1819.955,1.77E-14,0,910.9973755,1819.980198,1818.961311,1818.976843,8.539310798,7.226549158,0
24,TMT_6plex_yeast.FTMS.HCD35.00.17641.17641.2.RT_70.084_min_4205.0_s.dta,WQDELK,7.84E-05,1275.725,0,BL_ORD_ID:3888,430,435,sp|P16861|K6PF1_YEAST 6-phosphofructokinase subunit alpha OS=Saccharomyces cerevisiae (strain ATCC 204508 / S288c) GN=PFK1 PE=1 SV=1,,2,1276.217,9.19E-09,0,638.8696289,1275.724705,1275.722818,1275.724705,1.478985069,0.166223428,0.393765381
25,TMT_6plex_yeast.FTMS.HCD35.00.17642.17642.3.RT_70.087_min_4205.2_s.dta,ETYSSYIYK,9.41E-05,1610.864,0,BL_ORD_ID:3190,39,47,sp|P02294|H2B2_YEAST Histone H2B.2 OS=Saccharomyces cerevisiae (strain ATCC 204508 / S288c) GN=HTB2 PE=1 SV=2,,3,1611.597,1.20E-08,0,537.9616089,1610.862998,1610.859706,1610.862998,2.043524178,0.730762538,0.409836066
26,TMT_6plex_yeast.FTMS.HCD35.00.17643.17643.2.RT_70.089_min_4205.4_s.dta,TYDQVIALR,8.37E-11,1306.747,0,BL_ORD_ID:3144,465,473,sp|P38625|GUAA_YEAST GMP synthase [glutamine-hydrolyzing] OS=Saccharomyces cerevisiae (strain ATCC 204508 / S288c) GN=GUA1 PE=1 SV=4,,2,1307.404,9.89E-15,0,654.3806763,1306.7468,1306.744759,1306.7468,1.561777117,0.249015477,0
30,TMT_6plex_yeast.FTMS.HCD35.00.17647.17647.2.RT_70.101_min_4206.1_s.dta,VDDELLVAR,5.53E-10,1257.711,0,BL_ORD_ID:3896,122,130,sp|P07170|KAD1_YEAST Adenylate kinase 1 OS=Saccharomyces cerevisiae (strain ATCC 204508 / S288c) GN=ADK1 PE=1 SV=2,,2,1258.324,7.22E-14,0,629.8630981,1257.711644,1257.713124,1257.711644,-1.177475617,-2.490237258,0
35,TMT_6plex_yeast.FTMS.HCD35.00.17652.17652.2.RT_70.120_min_4207.2_s.dta,LTGMAFR,2.80E-05,1023.575,0,BL_ORD_ID:2774,226,232,sp|P00359|G3P3_YEAST Glyceraldehyde-3-phosphate dehydrogenase 3 OS=Saccharomyces cerevisiae (strain ATCC 204508 / S288c) GN=TDH3 PE=1 SV=3,,2,1024.144,4.27E-09,0,512.7950439,1023.575535,1023.573794,1023.575535,1.700832841,0.388071201,0.256191289
36,TMT_6plex_yeast.FTMS.HCD35.00.17653.17653.2.RT_70.123_min_4207.4_s.dta,QIALSEISSK,0.003800406,1532.921,0,BL_ORD_ID:2440,585,594,sp|P17214|EST1_YEAST Telomere elongation protein EST1 OS=Saccharomyces cerevisiae (strain ATCC 204508 / S288c) GN=EST1 PE=1 SV=2,,2,1533.557,4.44E-07,0,767.4675903,1532.920628,1532.917889,1532.920628,1.786549548,0.473787908,1.382149684
38,TMT_6plex_yeast.FTMS.HCD35.00.17655.17655.3.RT_70.128_min_4207.7_s.dta,DYIMSPVGNPEGPEKPNK,1.19E-14,2659.436,0,BL_ORD_ID:298,309,326,sp|P14540|ALF_YEAST Fructose-bisphosphate aldolase OS=Saccharomyces cerevisiae (strain ATCC 204508 / S288c) GN=FBA1 PE=1 SV=3,,3,2659.7,1.13E-18,0,887.4862671,2659.436972,2658.429477,2658.433617,1.557365003,0.244603363,0
39,TMT_6plex_yeast.FTMS.HCD35.00.17656.17656.2.RT_70.131_min_4207.9_s.dta,AEWGSDIPTTK,2.15E-11,1661.905,0,BL_ORD_ID:586,512,522,sp|P49089|ASNS1_YEAST Asparagine synthetase [glutamine-hydrolyzing] 1 OS=Saccharomyces cerevisiae (strain ATCC 204508 / S288c) GN=ASN1 PE=1 SV=2,,2,1662.637,2.52E-15,0,831.9603271,1661.906102,1661.902967,1661.906102,1.885819652,0.573058011,0
40,TMT_6plex_yeast.FTMS.HCD35.00.17657.17657.2.RT_70.134_min_4208.0_s.dta,TASEFDSAIAQDK,1.57E-15,1840.967,0,BL_ORD_ID:9214,7,19,sp|P22217|TRX1_YEAST Thioredoxin-1 OS=Saccharomyces cerevisiae (strain ATCC 204508 / S288c) GN=TRX1 PE=1 SV=3,,2,1840.787,1.87E-19,0,921.491394,1840.968235,1839.961939,1839.96488,1.598706242,0.285944602,0
42,TMT_6plex_yeast.FTMS.HCD35.00.17659.17659.3.RT_70.140_min_4208.4_s.dta,YLIDHIK,4.22E-10,1358.834,0,BL_ORD_ID:6798,36,42,sp|P56628|RL22B_YEAST 60S ribosomal protein L22-B OS=Saccharomyces cerevisiae (strain ATCC 204508 / S288c) GN=RPL22B PE=1 SV=2,,3,1359.397,5.36E-14,0,453.9523315,1358.835165,1358.832703,1358.835165,1.81215171,0.499390069,0
43,TMT_6plex_yeast.FTMS.HCD35.00.17660.17660.2.RT_70.143_min_4208.6_s.dta,NQQLEEDLEESDTK,2.94E-08,2136.071,0,BL_ORD_ID:9110,126,139,sp|P17536|TPM1_YEAST Tropomyosin-1 OS=Saccharomyces cerevisiae (strain ATCC 204508 / S288c) GN=TPM1 PE=1 SV=1,,2,2136.037,3.12E-12,0,1069.043457,2136.072361,2135.063503,2135.069006,2.577439543,1.264677902,0.019650226
46,TMT_6plex_yeast.FTMS.HCD35.00.17663.17663.3.RT_70.158_min_4209.5_s.dta,VFSGNRPTTSILAQK,2.32E-10,2077.214,0,BL_ORD_ID:2780,468,482,sp|P12709|G6PI_YEAST Glucose-6-phosphate isomerase OS=Saccharomyces cerevisiae (strain ATCC 204508 / S288c) GN=PGI1 PE=1 SV=3,,3,2077.187,2.53E-14,0,693.4124756,2077.215598,2076.209655,2076.212243,1.24658158,-0.06618006,0
48,TMT_6plex_yeast.FTMS.HCD35.00.17665.17665.3.RT_70.163_min_4209.8_s.dta,TASEFDSAIAQDK,5.91E-13,1839.965,0,BL_ORD_ID:9214,7,19,sp|P22217|TRX1_YEAST Thioredoxin-1 OS=Saccharomyces cerevisiae (strain ATCC 204508 / S288c) GN=TRX1 PE=1 SV=3,,3,1840.787,6.92E-17,0,614.3287964,1839.96456,1839.961939,1839.96456,1.424535259,0.111773618,0
50,TMT_6plex_yeast.FTMS.HCD35.00.17667.17667.3.RT_70.169_min_4210.1_s.dta,FAVQVDKVTK,7.51E-10,1822.139,0,BL_ORD_ID:6812,78,87,sp|P53221|RL26B_YEAST 60S ribosomal protein L26-B OS=Saccharomyces cerevisiae (strain ATCC 204508 / S288c) GN=RPL26B PE=1 SV=2,,3,1821.82,8.31E-14,0,608.3865356,1822.137778,1821.133159,1821.134423,0.693943761,-0.61881788,0
51,TMT_6plex_yeast.FTMS.HCD35.00.17668.17668.3.RT_70.172_min_4210.3_s.dta,QTLLRPELVEK,3.41E-08,1783.1,0,BL_ORD_ID:8966,614,624,sp|Q03690|TIF31_YEAST Clustered mitochondria protein 1 OS=Saccharomyces cerevisiae (strain ATCC 204508 / S288c) GN=CLU1 PE=1 SV=1,,3,1783.907,4.22E-12,0,595.3739014,1783.099875,1783.097251,1783.099875,1.471788576,0.159026935,0.019650226
52,TMT_6plex_yeast.FTMS.HCD35.00.17669.17669.2.RT_70.174_min_4210.5_s.dta,GSGNIFIK,0.000643312,1292.789,0,BL_ORD_ID:5474,124,131,sp|P04147|PABP_YEAST Polyadenylate-binding protein; cytoplasmic and nuclear OS=Saccharomyces cerevisiae (strain ATCC 204508 / S288c) GN=PAB1 PE=1 SV=4,,2,1293.287,8.06E-08,0,647.4016113,1292.78867,1292.785753,1292.78867,2.256376158,0.943614517,0.756056164
53,TMT_6plex_yeast.FTMS.HCD35.00.17670.17670.3.RT_70.177_min_4210.6_s.dta,KFDVQLAK,7.68E-08,1635.035,0,BL_ORD_ID:7722,66,73,sp|P24280|SEC14_YEAST SEC14 cytosolic factor OS=Saccharomyces cerevisiae (strain ATCC 204508 / S288c) GN=SEC14 PE=1 SV=3,,3,1635.61,8.57E-12,0,546.0189209,1635.034934,1635.032717,1635.034934,1.355746334,0.042984694,0.019650226
58,TMT_6plex_yeast.FTMS.HCD35.00.17675.17675.3.RT_70.196_min_4211.8_s.dta,NQQLEEDLEESDTK,8.50E-15,2135.069,0,BL_ORD_ID:9110,126,139,sp|P17536|TPM1_YEAST Tropomyosin-1 OS=Saccharomyces cerevisiae (strain ATCC 204508 / S288c) GN=TPM1 PE=1 SV=1,,3,2136.037,8.87E-19,0,712.6967773,2135.068503,2135.063503,2135.068503,2.341580774,1.028819133,0
59,TMT_6plex_yeast.FTMS.HCD35.00.17676.17676.3.RT_70.199_min_4211.9_s.dta,SLVDNmITGVTK,1.54E-09,1750.991,0,BL_ORD_ID:6896,73,84,sp|P05738|RL9A_YEAST 60S ribosomal protein L9-A OS=Saccharomyces cerevisiae (strain ATCC 204508 / S288c) GN=RPL9A PE=1 SV=2,oxidation of M:6,3,1751.822,1.72E-13,0,584.6713257,1750.992148,1750.990403,1750.992148,0.996719616,-0.316042025,0
61,TMT_6plex_yeast.FTMS.HCD35.00.17678.17678.2.RT_70.204_min_4212.3_s.dta,YIEQAIEK,9.98E-09,1450.845,0,BL_ORD_ID:2968,266,273,sp|P32288|GLNA_YEAST Glutamine synthetase OS=Saccharomyces cerevisiae (strain ATCC 204508 / S288c) GN=GLN1 PE=1 SV=4,,2,1451.457,1.19E-12,0,726.4299316,1450.845311,1450.843662,1450.845311,1.136460525,-0.176301115,0
65,TMT_6plex_yeast.FTMS.HCD35.00.17682.17682.2.RT_70.216_min_4213.0_s.dta,SPAQLWAER,9.76E-05,1285.701,0,BL_ORD_ID:50,313,321,sp|P15891|ABP1_YEAST Actin-binding protein OS=Saccharomyces cerevisiae (strain ATCC 204508 / S288c) GN=ABP1 PE=1 SV=4,,2,1286.344,1.29E-08,0,643.8584595,1285.702366,1285.698143,1285.702366,3.284668283,1.971906643,0.425810678
66,TMT_6plex_yeast.FTMS.HCD35.00.17683.17683.3.RT_70.219_min_4213.2_s.dta,GNPTVEVELTTEK,2.37E-15,1874.042,0,BL_ORD_ID:2316,16,28,sp|P00925|ENO2_YEAST Enolase 2 OS=Saccharomyces cerevisiae (strain ATCC 204508 / S288c) GN=ENO2 PE=1 SV=2,,3,1874.887,2.53E-19,0,625.6880493,1874.042319,1874.040189,1874.042319,1.136346345,-0.176415296,0
69,TMT_6plex_yeast.FTMS.HCD35.00.17686.17686.2.RT_70.232_min_4213.9_s.dta,YLAEFSSGDAR,4.93E-12,1443.723,0,BL_ORD_ID:900,133,143,sp|P34730|BMH2_YEAST Protein BMH2 OS=Saccharomyces cerevisiae (strain ATCC 204508 / S288c) GN=BMH2 PE=1 SV=3,,2,1444.464,5.97E-16,0,722.8686523,1443.722752,1443.719666,1443.722752,2.137209232,0.824447592,0
71,TMT_6plex_yeast.FTMS.HCD35.00.17688.17688.2.RT_70.237_min_4214.2_s.dta,LFEQEGVSK,0.000283251,1493.851,0,BL_ORD_ID:8750,130,138,sp|P15019|TAL1_YEAST Transaldolase OS=Saccharomyces cerevisiae (strain ATCC 204508 / S288c) GN=TAL1 PE=1 SV=4,,2,1494.477,3.45E-08,0,747.9334106,1493.852269,1493.849475,1493.852269,1.869783408,0.557021767,0.602314154
73,TMT_6plex_yeast.FTMS.HCD35.00.17690.17690.2.RT_70.243_min_4214.6_s.dta,EGPIFGEEMR,4.08E-12,1392.693,0,BL_ORD_ID:2208,673,682,sp|P32324|EF2_YEAST Elongation factor 2 OS=Saccharomyces cerevisiae (strain ATCC 204508 / S288c) GN=EFT1 PE=1 SV=1,,2,1393.484,4.85E-16,0,697.3543091,1392.694065,1392.691009,1392.694065,2.194743158,0.881981517,0
74,TMT_6plex_yeast.FTMS.HCD35.00.17691.17691.2.RT_70.246_min_4214.8_s.dta,VIQVDEPALR,6.71E-10,1367.799,0,BL_ORD_ID:4508,608,617,sp|P05694|METE_YEAST 5-methyltetrahydropteroyltriglutamate--homocysteine methyltransferase OS=Saccharomyces cerevisiae (strain ATCC 204508 / S288c) GN=MET6 PE=1 SV=4,,2,1368.484,9.45E-14,0,684.9072876,1367.800022,1367.797523,1367.800022,1.827498786,0.514737145,0
75,TMT_6plex_yeast.FTMS.HCD35.00.17692.17692.2.RT_70.249_min_4214.9_s.dta,GNPTVEVELTTEK,8.51E-14,1874.043,0,BL_ORD_ID:2316,16,28,sp|P00925|ENO2_YEAST Enolase 2 OS=Saccharomyces cerevisiae (strain ATCC 204508 / S288c) GN=ENO2 PE=1 SV=2,,2,1874.887,9.05E-18,0,938.0291138,1874.043675,1874.040189,1874.043675,1.859900648,0.547139007,0
77,TMT_6plex_yeast.FTMS.HCD35.00.17694.17694.2.RT_70.254_min_4215.3_s.dta,NYISQELSK,4.24E-11,1538.875,0,BL_ORD_ID:8672,37,45,sp|Q05506|SYRC_YEAST Arginine--tRNA ligase; cytoplasmic OS=Saccharomyces cerevisiae (strain ATCC 204508 / S288c) GN=YDR341C PE=1 SV=1,,2,1539.517,5.61E-15,0,770.4448242,1538.875096,1538.870939,1538.875096,2.701071087,1.388309446,0
79,TMT_6plex_yeast.FTMS.HCD35.00.17696.17696.4.RT_70.266_min_4215.9_s.dta,YQVTVIDAPGHRDFIK,7.63E-14,2317.307,0,BL_ORD_ID:2200,85,100,sp|P02994|EF1A_YEAST Elongation factor 1-alpha OS=Saccharomyces cerevisiae (strain ATCC 204508 / S288c) GN=TEF1 PE=1 SV=1,,4,2317.447,8.08E-18,0,580.3341675,2317.307564,2316.299532,2316.30421,2.019302301,0.70654066,0
81,TMT_6plex_yeast.FTMS.HCD35.00.17698.17698.2.RT_70.271_min_4216.3_s.dta,DTVPILK,1.58E-08,1242.797,0,BL_ORD_ID:9200,33,39,sp|P00931|TRP_YEAST Tryptophan synthase OS=Saccharomyces cerevisiae (strain ATCC 204508 / S288c) GN=TRP5 PE=1 SV=1,,2,1243.277,2.09E-12,0,622.4058228,1242.797093,1242.795255,1242.797093,1.4787703,0.16600866,0
82,TMT_6plex_yeast.FTMS.HCD35.00.17699.17699.2.RT_70.274_min_4216.4_s.dta,GEIGPFASPK,2.27E-13,1459.847,0,BL_ORD_ID:88,613,622,sp|P52910|ACS2_YEAST Acetyl-coenzyme A synthetase 2 OS=Saccharomyces cerevisiae (strain ATCC 204508 / S288c) GN=ACS2 PE=1 SV=1,,2,1460.467,2.90E-17,0,730.9310303,1459.847508,1459.843996,1459.847508,2.405559214,1.092797573,0
83,TMT_6plex_yeast.FTMS.HCD35.00.17700.17700.2.RT_70.277_min_4216.6_s.dta,LGMENSLTEK,6.47E-11,1578.875,0,BL_ORD_ID:10346,1483,1492,sp|P0C2I2|YD14B_YEAST Transposon Ty1-DR5 Gag-Pol polyprotein OS=Saccharomyces cerevisiae (strain ATCC 204508 / S288c) GN=TY1B-DR5 PE=1 SV=1,,2,1579.607,7.46E-15,0,790.4448242,1578.875096,1578.869225,1578.875096,3.718584927,2.405823286,0
85,TMT_6plex_yeast.FTMS.HCD35.00.17702.17702.3.RT_70.283_min_4217.0_s.dta,ANVDTDAIIPK,5.17E-09,1613.942,0,BL_ORD_ID:4138,561,571,sp|P07264|LEUC_YEAST 3-isopropylmalate dehydratase OS=Saccharomyces cerevisiae (strain ATCC 204508 / S288c) GN=LEU1 PE=1 SV=3,,3,1614.627,6.35E-13,0,538.9876709,1613.941184,1613.939353,1613.941184,1.134219455,-0.178542186,0
86,TMT_6plex_yeast.FTMS.HCD35.00.17703.17703.3.RT_70.286_min_4217.2_s.dta,NQDLEQQLEDSEAK,0.002761173,2105.075,0,BL_ORD_ID:9112,88,101,sp|P40414|TPM2_YEAST Tropomyosin-2 OS=Saccharomyces cerevisiae (strain ATCC 204508 / S288c) GN=TPM2 PE=1 SV=1,,3,2105.017,2.90E-07,0,702.6992798,2105.07601,2104.068923,2104.072655,1.773792259,0.461030619,1.243523316
88,TMT_6plex_yeast.FTMS.HCD35.00.17705.17705.3.RT_70.292_min_4217.5_s.dta,VLAMMPHPER,7.23E-11,1408.754,0,BL_ORD_ID:6334,1313,1322,sp|P38972|PUR4_YEAST Phosphoribosylformylglycinamidine synthase OS=Saccharomyces cerevisiae (strain ATCC 204508 / S288c) GN=ADE6 PE=1 SV=2,,3,1409.634,9.15E-15,0,470.5919495,1408.754019,1408.752169,1408.754019,1.313201081,0.000439441,0
90,TMT_6plex_yeast.FTMS.HCD35.00.17707.17707.2.RT_70.304_min_4218.2_s.dta,ANVDTDAIIPK,5.80E-11,1613.941,0,BL_ORD_ID:4138,561,571,sp|P07264|LEUC_YEAST 3-isopropylmalate dehydratase OS=Saccharomyces cerevisiae (strain ATCC 204508 / S288c) GN=LEU1 PE=1 SV=3,,2,1614.627,7.12E-15,0,807.9775391,1613.940525,1613.939353,1613.940525,0.726403441,-0.586358199,0
91,TMT_6plex_yeast.FTMS.HCD35.00.17708.17708.3.RT_70.307_min_4218.4_s.dta,HVVFGEVIQGK,5.95E-12,1669.994,0,BL_ORD_ID:6062,135,145,sp|P53691|PPID_YEAST Peptidyl-prolyl cis-trans isomerase CPR6 OS=Saccharomyces cerevisiae (strain ATCC 204508 / S288c) GN=CPR6 PE=1 SV=1,,3,1670.727,7.24E-16,0,557.671936,1669.993979,1669.992057,1669.993979,1.150723478,-0.162038162,0
95,TMT_6plex_yeast.FTMS.HCD35.00.17712.17712.3.RT_70.319_min_4219.1_s.dta,LGVDIIRK,3.42E-08,1370.903,0,BL_ORD_ID:3448,460,467,sp|P19882|HSP60_YEAST Heat shock protein 60; mitochondrial OS=Saccharomyces cerevisiae (strain ATCC 204508 / S288c) GN=HSP60 PE=1 SV=1,,3,1371.447,4.56E-12,0,457.9747925,1370.902548,1370.901451,1370.902548,0.800171526,-0.512590115,0.019650226
99,TMT_6plex_yeast.FTMS.HCD35.00.17716.17716.4.RT_70.331_min_4219.9_s.dta,VFSGNRPTTSILAQK,8.20E-05,2076.215,0,BL_ORD_ID:2780,468,482,sp|P12709|G6PI_YEAST Glucose-6-phosphate isomerase OS=Saccharomyces cerevisiae (strain ATCC 204508 / S288c) GN=PGI1 PE=1 SV=3,,4,2077.187,9.09E-09,0,520.0605469,2076.213082,2076.209655,2076.213082,1.650779675,0.338018035,0.393765381
101,TMT_6plex_yeast.FTMS.HCD35.00.17718.17718.2.RT_70.342_min_4220.5_s.dta,QLIVAVNK,1.05E-12,1341.877,0,BL_ORD_ID:2200,147,154,sp|P02994|EF1A_YEAST Elongation factor 1-alpha OS=Saccharomyces cerevisiae (strain ATCC 204508 / S288c) GN=TEF1 PE=1 SV=1,,2,1342.397,1.37E-16,0,671.9459229,1341.877293,1341.874902,1341.877293,1.781611327,0.468849686,0
102,TMT_6plex_yeast.FTMS.HCD35.00.17719.17719.4.RT_70.345_min_4220.7_s.dta,YQVTVIDAPGHRDFIK,3.68E-14,2317.307,0,BL_ORD_ID:2200,85,100,sp|P02994|EF1A_YEAST Elongation factor 1-alpha OS=Saccharomyces cerevisiae (strain ATCC 204508 / S288c) GN=TEF1 PE=1 SV=1,,4,2317.447,3.89E-18,0,580.3338623,2317.306344,2316.299532,2316.302989,1.492296571,0.179534931,0
103,TMT_6plex_yeast.FTMS.HCD35.00.17720.17720.3.RT_70.348_min_4220.9_s.dta,QLIVAVNK,1.17E-11,1341.875,0,BL_ORD_ID:2200,147,154,sp|P02994|EF1A_YEAST Elongation factor 1-alpha OS=Saccharomyces cerevisiae (strain ATCC 204508 / S288c) GN=TEF1 PE=1 SV=1,,3,1342.397,1.53E-15,0,448.2994385,1341.876486,1341.874902,1341.876486,1.180472252,-0.132289389,0
114,TMT_6plex_yeast.FTMS.HCD35.00.17731.17731.2.RT_70.386_min_4223.2_s.dta,IYEQEFGTTK,3.06E-11,1672.909,0,BL_ORD_ID:8816,380,389,sp|P40413|TCPE_YEAST T-complex protein 1 subunit epsilon OS=Saccharomyces cerevisiae (strain ATCC 204508 / S288c) GN=CCT5 PE=1 SV=3,,2,1673.667,3.46E-15,0,837.4624023,1672.910252,1672.907719,1672.910252,1.514377017,0.201615376,0
115,TMT_6plex_yeast.FTMS.HCD35.00.17732.17732.3.RT_70.390_min_4223.4_s.dta,YIEQAIEK,4.87E-07,1450.844,0,BL_ORD_ID:2968,266,273,sp|P32288|GLNA_YEAST Glutamine synthetase OS=Saccharomyces cerevisiae (strain ATCC 204508 / S288c) GN=GLN1 PE=1 SV=4,,3,1451.457,5.80E-11,0,484.6223755,1450.845297,1450.843662,1450.845297,1.127364848,-0.185396793,0.057570524
119,TMT_6plex_yeast.FTMS.HCD35.00.17736.17736.3.RT_70.402_min_4224.1_s.dta,YQVTVIDAPGHRDFIK,2.02E-08,2317.301,0,BL_ORD_ID:2200,85,100,sp|P02994|EF1A_YEAST Elongation factor 1-alpha OS=Saccharomyces cerevisiae (strain ATCC 204508 / S288c) GN=TEF1 PE=1 SV=1,,3,2317.447,2.14E-12,0,773.4412842,2317.302023,2316.299532,2316.298669,-0.372876575,-1.685638216,0
126,TMT_6plex_yeast.FTMS.HCD35.00.17743.17743.2.RT_70.429_min_4225.7_s.dta,LGMENSLTEK,1.46E-07,1578.873,0,BL_ORD_ID:10872,1483,1492,sp|Q12269|YG12B_YEAST Transposon Ty1-GR2 Gag-Pol polyprotein OS=Saccharomyces cerevisiae (strain ATCC 204508 / S288c) GN=TY1B-GR2 PE=3 SV=3,,2,1579.607,1.69E-11,0,790.4436035,1578.872654,1578.869225,1578.872654,2.17228444,0.8595228,0.019650226
131,TMT_6plex_yeast.FTMS.HCD35.00.17748.17748.3.RT_70.443_min_4226.6_s.dta,LQETNPEEVPKFEK,1.29E-12,2375.342,0,BL_ORD_ID:8826,98,111,sp|P35691|TCTP_YEAST Translationally-controlled tumor protein homolog OS=Saccharomyces cerevisiae (strain ATCC 204508 / S288c) GN=TMA19 PE=1 SV=1,,3,2375.37,1.34E-16,0,792.7884521,2375.343527,2374.335166,2374.340172,2.10855299,0.795791349,0
134,TMT_6plex_yeast.FTMS.HCD35.00.17751.17751.3.RT_70.457_min_4227.4_s.dta,SDGSAATSGFEFSKEDTLR,1.12E-08,2463.236,0,BL_ORD_ID:7154,184,202,sp|P38764|RPN1_YEAST 26S proteasome regulatory subunit RPN1 OS=Saccharomyces cerevisiae (strain ATCC 204508 / S288c) GN=RPN1 PE=1 SV=3,,3,2463.437,1.13E-12,0,822.0863037,2463.237082,2462.233028,2462.233727,0.283784315,-1.028977326,0
135,TMT_6plex_yeast.FTMS.HCD35.00.17752.17752.3.RT_70.460_min_4227.6_s.dta,AIQTANIALEKADR,2.19E-06,1971.158,0,BL_ORD_ID:5918,61,74,sp|P00950|PMG1_YEAST Phosphoglycerate mutase 1 OS=Saccharomyces cerevisiae (strain ATCC 204508 / S288c) GN=GPM1 PE=1 SV=3,,3,1972.047,2.41E-10,0,658.0603638,1971.159262,1971.151805,1971.159262,3.782957342,2.470195701,0.12984604
137,TMT_6plex_yeast.FTMS.HCD35.00.17754.17754.4.RT_70.466_min_4227.9_s.dta,IKRPEYFITANDVK,4.95E-11,2380.403,0,BL_ORD_ID:3078,131,144,sp|P41277|GPP1_YEAST (DL)-glycerol-3-phosphatase 1 OS=Saccharomyces cerevisiae (strain ATCC 204508 / S288c) GN=RHR2 PE=1 SV=3,,4,2381.46,5.16E-15,0,596.1080322,2380.403023,2380.408606,2380.403023,-2.345137022,-3.657898663,0
138,TMT_6plex_yeast.FTMS.HCD35.00.17755.17755.2.RT_70.469_min_4228.1_s.dta,VDVGMGIK,0.001295323,1275.763,0,BL_ORD_ID:6390,1734,1741,sp|P07259|PYR1_YEAST Protein URA2 OS=Saccharomyces cerevisiae (strain ATCC 204508 / S288c) GN=URA2 PE=1 SV=5,,2,1276.317,1.52E-07,0,638.888916,1275.763279,1275.762575,1275.763279,0.552351248,-0.760410393,0.998638221
139,TMT_6plex_yeast.FTMS.HCD35.00.17756.17756.3.RT_70.472_min_4228.3_s.dta,APQALMLAPTR,1.15E-09,1396.808,0,BL_ORD_ID:3606,90,100,sp|P10081|IF4A_YEAST ATP-dependent RNA helicase eIF4A OS=Saccharomyces cerevisiae (strain ATCC 204508 / S288c) GN=TIF1 PE=1 SV=3,,3,1397.604,1.58E-13,0,466.6097412,1396.807394,1396.806313,1396.807394,0.774021783,-0.538739858,0
142,TMT_6plex_yeast.FTMS.HCD35.00.17759.17759.2.RT_70.481_min_4228.9_s.dta,LIQAYPDVR,8.14E-08,1302.749,0,BL_ORD_ID:9218,68,76,sp|P25372|TRX3_YEAST Thioredoxin-3; mitochondrial OS=Saccharomyces cerevisiae (strain ATCC 204508 / S288c) GN=TRX3 PE=1 SV=1,,2,1303.414,1.00E-11,0,652.3821411,1302.749729,1302.749844,1302.749729,-0.088156861,-1.400918502,0.019650226
143,TMT_6plex_yeast.FTMS.HCD35.00.17760.17760.2.RT_70.484_min_4229.0_s.dta,YIAAPSGSVMDK,8.18E-11,1695.925,0,BL_ORD_ID:6344,558,569,sp|P38009|PUR92_YEAST Bifunctional purine biosynthesis protein ADE17 OS=Saccharomyces cerevisiae (strain ATCC 204508 / S288c) GN=ADE17 PE=1 SV=2,,2,1696.757,9.87E-15,0,848.9701538,1695.925755,1695.927074,1695.925755,-0.777681383,-2.090443024,0
145,TMT_6plex_yeast.FTMS.HCD35.00.17762.17762.4.RT_70.496_min_4229.8_s.dta,YKDGKPDEILLQK,0.000909843,2463.499,0,BL_ORD_ID:118,88,100,sp|Q01976|ADPP_YEAST ADP-ribose pyrophosphatase OS=Saccharomyces cerevisiae (strain ATCC 204508 / S288c) GN=YSA1 PE=1 SV=2,,4,2463.433,9.13E-08,0,616.8822021,2463.499703,2462.491858,2462.496348,1.82326282,0.510501179,0.810025982
146,TMT_6plex_yeast.FTMS.HCD35.00.17763.17763.3.RT_70.499_min_4229.9_s.dta,VAFTGLEEDGETEEEKR,1.93E-12,2397.221,0,BL_ORD_ID:3600,49,65,sp|P32481|IF2G_YEAST Eukaryotic translation initiation factor 2 subunit gamma OS=Saccharomyces cerevisiae (strain ATCC 204508 / S288c) GN=GCD11 PE=1 SV=1,,3,2397.377,1.93E-16,0,800.0806274,2397.220053,2396.21123,2396.216698,2.281939526,0.969177885,0
148,TMT_6plex_yeast.FTMS.HCD35.00.17765.17765.3.RT_70.505_min_4230.3_s.dta,SQEVEYVDPTVNRVPNYEVSEK,2.70E-11,3039.569,0,BL_ORD_ID:7166,8,29,sp|Q06103|RPN7_YEAST 26S proteasome regulatory subunit RPN7 OS=Saccharomyces cerevisiae (strain ATCC 204508 / S288c) GN=RPN7 PE=1 SV=3,,3,3040.117,2.45E-15,0,1014.197083,3039.569418,3038.560176,3038.566064,1.93755274,0.624791099,0
149,TMT_6plex_yeast.FTMS.HCD35.00.17766.17766.3.RT_70.508_min_4230.5_s.dta,QTNSSLGGIGDSNAYTTINSK,1.43E-14,2586.341,0,BL_ORD_ID:11880,1158,1178,sp|P0C2I5|YL12B_YEAST Transposon Ty1-LR2 Gag-Pol polyprotein OS=Saccharomyces cerevisiae (strain ATCC 204508 / S288c) GN=TY1B-LR2 PE=3 SV=1,,3,2586.567,1.37E-18,0,863.12146,2586.342551,2585.333805,2585.339196,2.085152796,0.772391155,0
150,TMT_6plex_yeast.FTMS.HCD35.00.17767.17767.2.RT_70.511_min_4230.7_s.dta,IETWDAAESK,6.09E-08,1607.863,0,BL_ORD_ID:8684,516,525,sp|P04801|SYTC_YEAST Threonine--tRNA ligase; cytoplasmic OS=Saccharomyces cerevisiae (strain ATCC 204508 / S288c) GN=THS1 PE=1 SV=2,,2,1607.557,7.15E-12,0,804.9388428,1607.863133,1606.860768,1606.859778,-0.616340161,-1.929101802,0.019650226
151,TMT_6plex_yeast.FTMS.HCD35.00.17768.17768.3.RT_70.514_min_4230.9_s.dta,YSyIITEPK,0.000600283,1801.073,0,BL_ORD_ID:3636,26,34,sp|P39522|ILV3_YEAST Dihydroxy-acid dehydratase; mitochondrial OS=Saccharomyces cerevisiae (strain ATCC 204508 / S288c) GN=ILV3 PE=1 SV=2,TMT_Tyrosine:3,3,1800.78,7.03E-08,0,601.3647461,1801.072409,1800.064077,1800.069054,2.765307033,1.452545392,0.756056164
153,TMT_6plex_yeast.FTMS.HCD35.00.17770.17770.3.RT_70.521_min_4231.2_s.dta,RTFTTCADNQTTVQFPVYQGER,3.17E-13,2848.388,0,BL_ORD_ID:3458,430,451,sp|P11484|HSP75_YEAST Heat shock protein SSB1 OS=Saccharomyces cerevisiae (strain ATCC 204508 / S288c) GN=SSB1 PE=1 SV=3,,3,2849.025,2.99E-17,0,950.4699097,2848.3879,2847.381249,2847.384545,1.157470292,-0.155291348,0
157,TMT_6plex_yeast.FTMS.HCD35.00.17774.17774.2.RT_70.538_min_4232.3_s.dta,GGLCVDLK,2.43E-11,1318.769,0,BL_ORD_ID:1890,112,119,sp|P39708|DHE5_YEAST NADP-specific glutamate dehydrogenase 2 OS=Saccharomyces cerevisiae (strain ATCC 204508 / S288c) GN=GDH3 PE=1 SV=1,,2,1319.318,2.52E-15,0,660.392395,1318.770237,1318.768389,1318.770237,1.40186941,0.089107769,0
158,TMT_6plex_yeast.FTMS.HCD35.00.17775.17775.3.RT_70.540_min_4232.4_s.dta,SCGVDAMSVDDLKK,6.83E-08,2212.19,0,BL_ORD_ID:6784,79,92,sp|P0CX44|RL1B_YEAST 60S ribosomal protein L1-B OS=Saccharomyces cerevisiae (strain ATCC 204508 / S288c) GN=RPL1B PE=1 SV=1,,3,2212.191,7.25E-12,0,738.4036865,2212.18923,2211.184679,2211.185876,0.54113382,-0.77162782,0.019650226
162,TMT_6plex_yeast.FTMS.HCD35.00.17779.17779.3.RT_70.552_min_4233.1_s.dta,WFNHIASK,9.60E-07,1460.84,0,BL_ORD_ID:2202,51,58,sp|P32471|EF1B_YEAST Elongation factor 1-beta OS=Saccharomyces cerevisiae (strain ATCC 204508 / S288c) GN=EFB1 PE=1 SV=4,,3,1460.457,1.18E-10,0,487.9535828,1460.838919,1459.8341,1459.835564,1.003026176,-0.309735464,0.075343756
165,TMT_6plex_yeast.FTMS.HCD35.00.17782.17782.3.RT_70.561_min_4233.7_s.dta,VLAMMPHPER,3.95E-09,1408.754,0,BL_ORD_ID:6334,1313,1322,sp|P38972|PUR4_YEAST Phosphoribosylformylglycinamidine synthase OS=Saccharomyces cerevisiae (strain ATCC 204508 / S288c) GN=ADE6 PE=1 SV=2,,3,1409.634,5.00E-13,0,470.5917053,1408.753287,1408.752169,1408.753287,0.793292831,-0.519468809,0
167,TMT_6plex_yeast.FTMS.HCD35.00.17784.17784.2.RT_70.571_min_4234.3_s.dta,AYLETEIK,7.49E-13,1423.833,0,BL_ORD_ID:294,328,335,sp|P54115|ALDH6_YEAST Magnesium-activated aldehyde dehydrogenase; cytosolic OS=Saccharomyces cerevisiae (strain ATCC 204508 / S288c) GN=ALD6 PE=1 SV=4,,2,1424.437,9.87E-17,0,712.9243774,1423.834202,1423.832763,1423.834202,1.010979274,-0.301782367,0
168,TMT_6plex_yeast.FTMS.HCD35.00.17785.17785.3.RT_70.574_min_4234.4_s.dta,QNLPQLEGSSIESASK,1.07E-15,2146.172,0,BL_ORD_ID:9012,529,544,sp|P23254|TKT1_YEAST Transketolase 1 OS=Saccharomyces cerevisiae (strain ATCC 204508 / S288c) GN=TKL1 PE=1 SV=4,,3,2146.157,1.14E-19,0,716.3980103,2146.172202,2145.168243,2145.168847,0.281317477,-1.031444163,0
169,TMT_6plex_yeast.FTMS.HCD35.00.17786.17786.4.RT_70.577_min_4234.6_s.dta,LQETNPEEVPKFEK,2.97E-14,2375.343,0,BL_ORD_ID:8826,98,111,sp|P35691|TCTP_YEAST Translationally-controlled tumor protein homolog OS=Saccharomyces cerevisiae (strain ATCC 204508 / S288c) GN=TMA19 PE=1 SV=1,,4,2375.37,3.08E-18,0,594.8428955,2375.342477,2374.335166,2374.339122,1.665989498,0.353227857,0
170,TMT_6plex_yeast.FTMS.HCD35.00.17787.17787.2.RT_70.580_min_4234.8_s.dta,AVVLMGK,1.72E-06,1174.751,0,BL_ORD_ID:6900,49,55,sp|P05317|RLA0_YEAST 60S acidic ribosomal protein P0 OS=Saccharomyces cerevisiae (strain ATCC 204508 / S288c) GN=RPP0 PE=1 SV=2,,2,1175.257,2.16E-10,0,588.3828125,1174.751072,1174.751282,1174.751072,-0.17824573,-1.491007371,0.12984604
172,TMT_6plex_yeast.FTMS.HCD35.00.17789.17789.3.RT_70.586_min_4235.1_s.dta,LLNGLAIRR,2.63E-10,1253.816,0,BL_ORD_ID:7354,109,117,sp|P05750|RS3_YEAST 40S ribosomal protein S3 OS=Saccharomyces cerevisiae (strain ATCC 204508 / S288c) GN=RPS3 PE=1 SV=5,,3,1254.424,3.78E-14,0,418.9456177,1253.815024,1253.813448,1253.815024,1.257176374,-0.055585267,0
173,TMT_6plex_yeast.FTMS.HCD35.00.17790.17790.3.RT_70.589_min_4235.3_s.dta,ACGVSRPVIAASITTNDASAIK,1.29E-11,2660.468,0,BL_ORD_ID:8142,90,111,sp|P39990|SNU13_YEAST 13 kDa ribonucleoprotein-associated protein OS=Saccharomyces cerevisiae (strain ATCC 204508 / S288c) GN=SNU13 PE=1 SV=1,,3,2660.828,1.22E-15,0,887.8300171,2660.468222,2659.473216,2659.464867,-3.139292179,-4.45205382,0
178,TMT_6plex_yeast.FTMS.HCD35.00.17795.17795.3.RT_70.609_min_4236.5_s.dta,RLCDEIATIQSK,3.21E-13,1891.061,0,BL_ORD_ID:7294,33,44,sp|P14127|RS17B_YEAST 40S ribosomal protein S17-B OS=Saccharomyces cerevisiae (strain ATCC 204508 / S288c) GN=RPS17B PE=1 SV=1,,3,1891.958,3.51E-17,0,631.3607788,1891.060507,1891.060213,1891.060507,0.155374895,-1.157386746,0
183,TMT_6plex_yeast.FTMS.HCD35.00.17800.17800.3.RT_70.623_min_4237.4_s.dta,KVLQALEK,7.65E-14,1615.067,0,BL_ORD_ID:7302,103,110,sp|P07281|RS19B_YEAST 40S ribosomal protein S19-B OS=Saccharomyces cerevisiae (strain ATCC 204508 / S288c) GN=RPS19B PE=1 SV=2,,3,1615.62,9.21E-18,0,539.3627319,1615.066367,1615.064017,1615.066367,1.454844301,0.142082661,0
184,TMT_6plex_yeast.FTMS.HCD35.00.17801.17801.2.RT_70.626_min_4237.6_s.dta,EVDIGIPDATGR,2.80E-14,1470.791,0,BL_ORD_ID:1224,376,387,sp|P25694|CDC48_YEAST Cell division control protein 48 OS=Saccharomyces cerevisiae (strain ATCC 204508 / S288c) GN=CDC48 PE=1 SV=3,,2,1471.524,3.34E-18,0,736.4031372,1470.791722,1470.78808,1470.791722,2.475775682,1.163014041,0
185,TMT_6plex_yeast.FTMS.HCD35.00.17802.17802.3.RT_70.629_min_4237.8_s.dta,GLTTKPLSLK,0.000300733,1745.147,0,BL_ORD_ID:3080,2,11,sp|P40106|GPP2_YEAST (DL)-glycerol-3-phosphatase 2 OS=Saccharomyces cerevisiae (strain ATCC 204508 / S288c) GN=HOR2 PE=1 SV=1,,3,1744.79,3.55E-08,0,582.7230835,1745.147421,1744.142996,1744.144067,0.61400578,-0.69875586,0.632811264
187,TMT_6plex_yeast.FTMS.HCD35.00.17804.17804.3.RT_70.635_min_4238.1_s.dta,IFKPQEIK,0.005213245,1689.08,0,BL_ORD_ID:6204,229,236,sp|P23638|PSA4_YEAST Proteasome component Y13 OS=Saccharomyces cerevisiae (strain ATCC 204508 / S288c) GN=PRE9 PE=1 SV=1,,3,1689.71,6.11E-07,0,564.0344238,1689.081442,1689.079667,1689.081442,1.051037503,-0.261724138,1.544289044
189,TMT_6plex_yeast.FTMS.HCD35.00.17806.17806.3.RT_70.646_min_4238.7_s.dta,YLIDHIK,9.23E-12,1358.834,0,BL_ORD_ID:6798,36,42,sp|P56628|RL22B_YEAST 60S ribosomal protein L22-B OS=Saccharomyces cerevisiae (strain ATCC 204508 / S288c) GN=RPL22B PE=1 SV=2,,3,1359.397,1.17E-15,0,453.9520874,1358.834433,1358.832703,1358.834433,1.273143579,-0.039618061,0
191,TMT_6plex_yeast.FTMS.HCD35.00.17808.17808.2.RT_70.651_min_4239.1_s.dta,QIALSEISSK,0.003634479,1532.921,0,BL_ORD_ID:2440,585,594,sp|P17214|EST1_YEAST Telomere elongation protein EST1 OS=Saccharomyces cerevisiae (strain ATCC 204508 / S288c) GN=EST1 PE=1 SV=2,,2,1533.557,4.25E-07,0,767.4675293,1532.920506,1532.917889,1532.920506,1.706916899,0.394155258,1.325283463
192,TMT_6plex_yeast.FTMS.HCD35.00.17809.17809.2.RT_70.654_min_4239.2_s.dta,GWVPVTK,3.99E-06,1243.769,0,BL_ORD_ID:7344,34,40,sp|P25443|RS2_YEAST 40S ribosomal protein S2 OS=Saccharomyces cerevisiae (strain ATCC 204508 / S288c) GN=RPS2 PE=1 SV=3,,2,1244.257,5.35E-10,0,622.8918457,1243.769139,1243.769375,1243.769139,-0.189660041,-1.502421681,0.162925416
193,TMT_6plex_yeast.FTMS.HCD35.00.17810.17810.3.RT_70.657_min_4239.4_s.dta,ACGVSRPVIAASITTNDASAIK,6.51E-16,2660.477,0,BL_ORD_ID:8142,90,111,sp|P39990|SNU13_YEAST 13 kDa ribonucleoprotein-associated protein OS=Saccharomyces cerevisiae (strain ATCC 204508 / S288c) GN=SNU13 PE=1 SV=1,,3,2660.828,6.18E-20,0,887.8330078,2660.477194,2659.473216,2659.473839,0.234371415,-1.078390226,0
194,TMT_6plex_yeast.FTMS.HCD35.00.17811.17811.3.RT_70.660_min_4239.6_s.dta,RIPVEDCLIK,2.14E-09,1700.009,0,BL_ORD_ID:2578,30,39,sp|P32472|FKBP2_YEAST Peptidyl-prolyl cis-trans isomerase FPR2 OS=Saccharomyces cerevisiae (strain ATCC 204508 / S288c) GN=FPR2 PE=1 SV=1,,3,1700.808,2.49E-13,0,567.6768799,1700.008811,1700.005993,1700.008811,1.657324121,0.34456248,0
196,TMT_6plex_yeast.FTMS.HCD35.00.17813.17813.2.RT_70.666_min_4239.9_s.dta,AGLTFPVGR,0.006952448,1145.677,0,BL_ORD_ID:3184,23,31,sp|P04912|H2A2_YEAST Histone H2A.2 OS=Saccharomyces cerevisiae (strain ATCC 204508 / S288c) GN=HTA2 PE=1 SV=2,,2,1146.244,8.84E-07,0,573.8458862,1145.67722,1145.675951,1145.67722,1.107304938,-0.205456703,1.750578704
200,TMT_6plex_yeast.FTMS.HCD35.00.17817.17817.2.RT_70.682_min_4240.9_s.dta,APQALMLAPTR,2.57E-12,1396.809,0,BL_ORD_ID:3606,90,100,sp|P10081|IF4A_YEAST ATP-dependent RNA helicase eIF4A OS=Saccharomyces cerevisiae (strain ATCC 204508 / S288c) GN=TIF1 PE=1 SV=3,,2,1397.604,3.54E-16,0,699.4116821,1396.808811,1396.806313,1396.808811,1.788482404,0.475720763,0
201,TMT_6plex_yeast.FTMS.HCD35.00.17818.17818.3.RT_70.685_min_4241.1_s.dta,VFSGNRPTTSILAQK,2.56E-11,2077.217,0,BL_ORD_ID:2780,468,482,sp|P12709|G6PI_YEAST Glucose-6-phosphate isomerase OS=Saccharomyces cerevisiae (strain ATCC 204508 / S288c) GN=PGI1 PE=1 SV=3,,3,2077.187,2.78E-15,0,693.4127808,2077.216513,2076.209655,2076.213158,1.687542512,0.374780871,0
203,TMT_6plex_yeast.FTMS.HCD35.00.17820.17820.2.RT_70.691_min_4241.4_s.dta,VAVVAGYGDVGK,8.64E-15,1591.937,0,BL_ORD_ID:7580,218,229,sp|P39954|SAHH_YEAST Adenosylhomocysteinase OS=Saccharomyces cerevisiae (strain ATCC 204508 / S288c) GN=SAH1 PE=1 SV=1,,2,1592.607,9.95E-19,0,796.9758301,1591.937107,1591.933874,1591.937107,2.031309719,0.718548078,0
204,TMT_6plex_yeast.FTMS.HCD35.00.17821.17821.2.RT_70.693_min_4241.6_s.dta,ITVEQLK,4.36E-05,1287.821,0,BL_ORD_ID:862,404,410,sp|P38934|BFR1_YEAST Nuclear segregation protein BFR1 OS=Saccharomyces cerevisiae (strain ATCC 204508 / S288c) GN=BFR1 PE=1 SV=1,,2,1288.317,5.40E-09,0,644.9181519,1287.821751,1287.816719,1287.821751,3.907612135,2.594850494,0.285858416
209,TMT_6plex_yeast.FTMS.HCD35.00.17826.17826.2.RT_70.708_min_4242.5_s.dta,ATGYPLAYTAAK,9.16E-15,1683.963,0,BL_ORD_ID:1098,332,343,sp|P03965|CARB_YEAST Carbamoyl-phosphate synthase arginine-specific large chain OS=Saccharomyces cerevisiae (strain ATCC 204508 / S288c) GN=CPA2 PE=1 SV=1,,2,1684.737,1.13E-18,0,842.9885864,1683.96262,1683.960088,1683.96262,1.503394041,0.190632401,0
211,TMT_6plex_yeast.FTMS.HCD35.00.17828.17828.3.RT_70.719_min_4243.1_s.dta,GNPTVEVELTTEK,6.29E-14,1874.045,0,BL_ORD_ID:2314,16,28,sp|P00924|ENO1_YEAST Enolase 1 OS=Saccharomyces cerevisiae (strain ATCC 204508 / S288c) GN=ENO1 PE=1 SV=3,,3,1874.887,6.68E-18,0,625.689209,1874.045798,1874.040189,1874.045798,2.992765394,1.680003753,0
212,TMT_6plex_yeast.FTMS.HCD35.00.17829.17829.2.RT_70.721_min_4243.3_s.dta,TSAVAALTEVR,2.06E-13,1345.779,0,BL_ORD_ID:6894,194,204,sp|P29453|RL8B_YEAST 60S ribosomal protein L8-B OS=Saccharomyces cerevisiae (strain ATCC 204508 / S288c) GN=RPL8B PE=1 SV=3,,2,1346.444,2.51E-17,0,673.8972168,1345.779881,1345.776787,1345.779881,2.298664146,0.985902506,0
213,TMT_6plex_yeast.FTMS.HCD35.00.17830.17830.3.RT_70.724_min_4243.5_s.dta,RLCDEIATIQSK,4.03E-13,1891.061,0,BL_ORD_ID:7294,33,44,sp|P14127|RS17B_YEAST 40S ribosomal protein S17-B OS=Saccharomyces cerevisiae (strain ATCC 204508 / S288c) GN=RPS17B PE=1 SV=1,,3,1891.958,4.41E-17,0,631.361084,1891.061423,1891.060213,1891.061423,0.639509317,-0.673252324,0
214,TMT_6plex_yeast.FTMS.HCD35.00.17831.17831.2.RT_70.727_min_4243.6_s.dta,FQEIVK,0.001590077,1220.755,0,BL_ORD_ID:2200,165,170,sp|P02994|EF1A_YEAST Elongation factor 1-alpha OS=Saccharomyces cerevisiae (strain ATCC 204508 / S288c) GN=TEF1 PE=1 SV=1,,2,1221.227,1.83E-07,0,611.3851929,1220.755833,1220.75339,1220.755833,2.001106699,0.688345059,1.068955134
215,TMT_6plex_yeast.FTMS.HCD35.00.17832.17832.2.RT_70.730_min_4243.8_s.dta,SALGLLNTTGSQR,5.72E-12,1545.871,0,BL_ORD_ID:7602,147,159,sp|P20606|SAR1_YEAST Small COPII coat GTPase SAR1 OS=Saccharomyces cerevisiae (strain ATCC 204508 / S288c) GN=SAR1 PE=1 SV=1,,2,1546.634,6.74E-16,0,773.942627,1545.870701,1545.867728,1545.870701,1.923533946,0.610772305,0
217,TMT_6plex_yeast.FTMS.HCD35.00.17834.17834.4.RT_70.736_min_4244.1_s.dta,ACGVSRPVIAASITTNDASAIK,1.09E-11,2660.479,0,BL_ORD_ID:8142,90,111,sp|P39990|SNU13_YEAST 13 kDa ribonucleoprotein-associated protein OS=Saccharomyces cerevisiae (strain ATCC 204508 / S288c) GN=SNU13 PE=1 SV=1,,4,2660.828,1.03E-15,0,666.1272583,2660.479928,2659.473216,2659.476573,1.262163539,-0.050598102,0
218,TMT_6plex_yeast.FTMS.HCD35.00.17835.17835.3.RT_70.738_min_4244.3_s.dta,QAVGDKLEDTQVLK,1.75E-07,2231.318,0,BL_ORD_ID:2236,610,623,sp|P53235|EIF2A_YEAST Eukaryotic translation initiation factor 2A OS=Saccharomyces cerevisiae (strain ATCC 204508 / S288c) GN=YGR054W PE=1 SV=1,,3,2231.22,1.82E-11,0,744.7803345,2231.319174,2230.314037,2230.315819,0.799329933,-0.513431708,0.019650226
222,TMT_6plex_yeast.FTMS.HCD35.00.17839.17839.2.RT_70.754_min_4245.2_s.dta,GNPTVEVELTTEK,1.20E-15,1874.043,0,BL_ORD_ID:2316,16,28,sp|P00925|ENO2_YEAST Enolase 2 OS=Saccharomyces cerevisiae (strain ATCC 204508 / S288c) GN=ENO2 PE=1 SV=2,,2,1874.887,1.28E-19,0,938.0288696,1874.043186,1874.040189,1874.043186,1.599350606,0.286588965,0
223,TMT_6plex_yeast.FTMS.HCD35.00.17840.17840.2.RT_70.757_min_4245.4_s.dta,FLDTNIR,2.37E-05,1106.629,0,BL_ORD_ID:8994,72,78,sp|P57744|TIM8_YEAST Mitochondrial import inner membrane translocase subunit TIM8 OS=Saccharomyces cerevisiae (strain ATCC 204508 / S288c) GN=TIM8 PE=1 SV=1,,2,1107.164,2.95E-09,0,554.3222046,1106.629856,1106.628667,1106.629856,1.075225162,-0.237536478,0.240219629
225,TMT_6plex_yeast.FTMS.HCD35.00.17842.17842.2.RT_70.763_min_4245.8_s.dta,EFFASQVGGVQR,1.32E-11,1552.821,0,BL_ORD_ID:13190,96,107,sp|Q12159|YRA1_YEAST RNA annealing protein YRA1 OS=Saccharomyces cerevisiae (strain ATCC 204508 / S288c) GN=YRA1 PE=1 SV=2,,2,1553.624,1.65E-15,0,777.4177246,1552.820896,1552.820049,1552.820896,0.545662487,-0.767099154,0
227,TMT_6plex_yeast.FTMS.HCD35.00.17844.17844.3.RT_70.769_min_4246.1_s.dta,SENPDITFGQVGK,7.18E-11,1850.006,0,BL_ORD_ID:5080,41,53,sp|P11632|NHP6A_YEAST Non-histone chromosomal protein 6A OS=Saccharomyces cerevisiae (strain ATCC 204508 / S288c) GN=NHP6A PE=1 SV=1,,3,1849.827,8.09E-15,0,617.6759644,1850.006064,1848.998659,1849.002709,2.190537991,0.87777635,0
228,TMT_6plex_yeast.FTMS.HCD35.00.17845.17845.3.RT_70.772_min_4246.3_s.dta,SALGLLNTTGSQR,1.84E-10,1546.871,0,BL_ORD_ID:7602,147,159,sp|P20606|SAR1_YEAST Small COPII coat GTPase SAR1 OS=Saccharomyces cerevisiae (strain ATCC 204508 / S288c) GN=SAR1 PE=1 SV=1,,3,1546.634,2.12E-14,0,516.6313477,1546.872214,1545.867728,1545.868859,0.7318697,-0.580891941,0
229,TMT_6plex_yeast.FTMS.HCD35.00.17846.17846.3.RT_70.775_min_4246.5_s.dta,RFPTPILK,0.000316402,1428.92,0,BL_ORD_ID:712,4,11,sp|P81450|ATP18_YEAST ATP synthase subunit J; mitochondrial OS=Saccharomyces cerevisiae (strain ATCC 204508 / S288c) GN=ATP18 PE=1 SV=1,,3,1429.547,3.86E-08,0,477.3141785,1428.920706,1428.922187,1428.920706,-1.036114369,-2.348876009,0.660066007
231,TMT_6plex_yeast.FTMS.HCD35.00.17848.17848.3.RT_70.781_min_4246.8_s.dta,FHLGNLGVR,4.01E-12,1241.729,0,BL_ORD_ID:7580,414,422,sp|P39954|SAHH_YEAST Adenosylhomocysteinase OS=Saccharomyces cerevisiae (strain ATCC 204508 / S288c) GN=SAH1 PE=1 SV=1,,3,1241.334,5.56E-16,0,414.9170227,1241.729239,1240.724298,1240.725884,1.278183265,-0.034578376,0
233,TMT_6plex_yeast.FTMS.HCD35.00.17850.17850.2.RT_70.791_min_4247.5_s.dta,IYDLGK,1.96E-05,1165.713,0,BL_ORD_ID:6744,33,38,sp|P41805|RL10_YEAST 60S ribosomal protein L10 OS=Saccharomyces cerevisiae (strain ATCC 204508 / S288c) GN=RPL10 PE=1 SV=1,,2,1166.147,2.73E-09,0,583.8640137,1165.713475,1165.711191,1165.713475,1.958997278,0.646235637,0.225147212
235,TMT_6plex_yeast.FTMS.HCD35.00.17852.17852.4.RT_70.797_min_4247.8_s.dta,SYAEQGKEYITDKADK,1.65E-06,2762.539,0,BL_ORD_ID:3434,24,39,sp|P22943|HSP12_YEAST 12 kDa heat shock protein OS=Saccharomyces cerevisiae (strain ATCC 204508 / S288c) GN=HSP12 PE=1 SV=1,,4,2762.643,1.60E-10,0,691.6417847,2762.538033,2761.530823,2761.534678,1.396170068,0.083408427,0.12984604
236,TMT_6plex_yeast.FTMS.HCD35.00.17853.17853.3.RT_70.799_min_4248.0_s.dta,VDKEAEQYAEQEGIK,1.35E-09,2424.332,0,BL_ORD_ID:3604,815,829,sp|P39730|IF2P_YEAST Eukaryotic translation initiation factor 5B OS=Saccharomyces cerevisiae (strain ATCC 204508 / S288c) GN=FUN12 PE=1 SV=2,,3,2424.35,1.39E-13,0,809.1175537,2424.330832,2423.315159,2423.327477,5.083226409,3.770464768,0
237,TMT_6plex_yeast.FTMS.HCD35.00.17854.17854.2.RT_70.802_min_4248.1_s.dta,IETWDAAESK,5.81E-14,1606.863,0,BL_ORD_ID:8684,516,525,sp|P04801|SYTC_YEAST Threonine--tRNA ligase; cytoplasmic OS=Saccharomyces cerevisiae (strain ATCC 204508 / S288c) GN=THS1 PE=1 SV=2,,2,1607.557,6.63E-18,0,804.43927,1606.863987,1606.860768,1606.863987,2.003258295,0.690496654,0
241,TMT_6plex_yeast.FTMS.HCD35.00.17858.17858.2.RT_70.814_min_4248.8_s.dta,QNLPQLEGSSIESASK,7.71E-14,2145.173,0,BL_ORD_ID:9012,529,544,sp|P23254|TKT1_YEAST Transketolase 1 OS=Saccharomyces cerevisiae (strain ATCC 204508 / S288c) GN=TKL1 PE=1 SV=4,,2,2146.157,8.28E-18,0,1073.594116,2145.17368,2145.168243,2145.17368,2.534230726,1.221469086,0
246,TMT_6plex_yeast.FTMS.HCD35.00.17863.17863.2.RT_70.834_min_4250.0_s.dta,QFAKF,0.00499946,1097.665,0,BL_ORD_ID:7276,152,156,sp|P0CX48|RS11B_YEAST 40S ribosomal protein S11-B OS=Saccharomyces cerevisiae (strain ATCC 204508 / S288c) GN=RPS11B PE=1 SV=1,,2,1098.077,7.70E-07,0,549.84021,1097.665867,1097.663847,1097.665867,1.840569206,0.527807565,1.503869178
247,TMT_6plex_yeast.FTMS.HCD35.00.17864.17864.2.RT_70.837_min_4250.2_s.dta,TMFADPSYK,1.41E-10,1516.803,0,BL_ORD_ID:3578,244,252,sp|P15496|IDI1_YEAST Isopentenyl-diphosphate Delta-isomerase OS=Saccharomyces cerevisiae (strain ATCC 204508 / S288c) GN=IDI1 PE=1 SV=2,,2,1517.547,1.71E-14,0,759.4085083,1516.802464,1516.800082,1516.802464,1.570095552,0.257333911,0
248,TMT_6plex_yeast.FTMS.HCD35.00.17865.17865.3.RT_70.840_min_4250.4_s.dta,VLPGPEVPKDAVK,3.71E-14,2035.268,0,BL_ORD_ID:14,301,313,sp|P38720|6PGD1_YEAST 6-phosphogluconate dehydrogenase; decarboxylating 1 OS=Saccharomyces cerevisiae (strain ATCC 204508 / S288c) GN=GND1 PE=1 SV=1,,3,2036.09,4.09E-18,0,679.4301147,2035.268515,2035.264902,2035.268515,1.775420968,0.462659327,0
249,TMT_6plex_yeast.FTMS.HCD35.00.17866.17866.2.RT_70.843_min_4250.6_s.dta,EPVSDWTDDVEAR,2.13E-12,1746.833,0,BL_ORD_ID:4014,447,459,sp|P00549|KPYK1_YEAST Pyruvate kinase 1 OS=Saccharomyces cerevisiae (strain ATCC 204508 / S288c) GN=CDC19 PE=1 SV=2,,2,1747.734,2.40E-16,0,874.4238281,1746.833103,1746.826316,1746.833103,3.885433507,2.572671866,0
250,TMT_6plex_yeast.FTMS.HCD35.00.17867.17867.4.RT_70.845_min_4250.7_s.dta,SVYDVLRTEDDDEDEEAEKQNGDAK,1.05E-12,3557.731,0,BL_ORD_ID:3608,380,404,sp|P34167|IF4B_YEAST Eukaryotic translation initiation factor 4B OS=Saccharomyces cerevisiae (strain ATCC 204508 / S288c) GN=TIF3 PE=1 SV=1,,4,3558.4,8.93E-17,0,890.4396362,3557.729439,3556.726049,3556.726085,0.010022806,-1.302738835,0
251,TMT_6plex_yeast.FTMS.HCD35.00.17868.17868.3.RT_70.849_min_4250.9_s.dta,IFNCQQNENDKIYEK,2.07E-05,2629.379,0,BL_ORD_ID:3644,486,500,sp|Q02821|IMA1_YEAST Importin subunit alpha OS=Saccharomyces cerevisiae (strain ATCC 204508 / S288c) GN=SRP1 PE=1 SV=1,,3,2630.581,2.03E-09,0,877.46698,2629.379111,2629.377776,2629.379111,0.507571722,-0.805189918,0.240219629
255,TMT_6plex_yeast.FTMS.HCD35.00.17872.17872.2.RT_70.866_min_4252.0_s.dta,ITEVITK,8.07E-08,1260.805,0,BL_ORD_ID:3596,251,257,sp|P20459|IF2A_YEAST Eukaryotic translation initiation factor 2 subunit alpha OS=Saccharomyces cerevisiae (strain ATCC 204508 / S288c) GN=SUI2 PE=1 SV=1,,2,1261.297,9.96E-12,0,631.4102783,1260.806004,1260.80582,1260.806004,0.146140843,-1.166620798,0.019650226
259,TMT_6plex_yeast.FTMS.HCD35.00.17876.17876.3.RT_70.878_min_4252.7_s.dta,HLPFNVVNK,2.25E-11,1524.92,0,BL_ORD_ID:3106,135,143,sp|P16474|GRP78_YEAST 78 kDa glucose-regulated protein homolog OS=Saccharomyces cerevisiae (strain ATCC 204508 / S288c) GN=KAR2 PE=1 SV=1,,3,1525.567,2.88E-15,0,509.3142395,1524.920889,1524.918164,1524.920889,1.78719365,0.474432009,0
261,TMT_6plex_yeast.FTMS.HCD35.00.17878.17878.2.RT_70.883_min_4253.0_s.dta,SENPDITFGQVGK,1.71E-13,1849.003,0,BL_ORD_ID:5080,41,53,sp|P11632|NHP6A_YEAST Non-histone chromosomal protein 6A OS=Saccharomyces cerevisiae (strain ATCC 204508 / S288c) GN=NHP6A PE=1 SV=1,,2,1849.827,1.92E-17,0,925.508667,1849.002781,1848.998659,1849.002781,2.229551415,0.916789774,0
263,TMT_6plex_yeast.FTMS.HCD35.00.17880.17880.2.RT_70.889_min_4253.4_s.dta,IVTLCGDAPEGK,5.67E-15,1716.951,0,BL_ORD_ID:9200,238,249,sp|P00931|TRP_YEAST Tryptophan synthase OS=Saccharomyces cerevisiae (strain ATCC 204508 / S288c) GN=TRP5 PE=1 SV=1,,2,1717.748,6.55E-19,0,859.482666,1716.950779,1716.948538,1716.950779,1.305527278,-0.007234363,0
266,TMT_6plex_yeast.FTMS.HCD35.00.17883.17883.2.RT_70.904_min_4254.2_s.dta,VNVFNINNNR,1.03E-08,1431.781,0,BL_ORD_ID:2170,163,172,sp|P38248|ECM33_YEAST Cell wall protein ECM33 OS=Saccharomyces cerevisiae (strain ATCC 204508 / S288c) GN=ECM33 PE=1 SV=3,,2,1432.464,1.17E-12,0,716.8980103,1431.781468,1431.778519,1431.781468,2.059723885,0.746962244,0
267,TMT_6plex_yeast.FTMS.HCD35.00.17884.17884.2.RT_70.907_min_4254.4_s.dta,IFVETK,1.78E-06,1193.745,0,BL_ORD_ID:2504,577,582,sp|P07149|FAS1_YEAST Fatty acid synthase subunit beta OS=Saccharomyces cerevisiae (strain ATCC 204508 / S288c) GN=FAS1 PE=1 SV=2,,2,1194.207,2.17E-10,0,597.880249,1193.745945,1193.742491,1193.745945,2.893588693,1.580827053,0.12984604
268,TMT_6plex_yeast.FTMS.HCD35.00.17885.17885.5.RT_70.909_min_4254.6_s.dta,NFDNVPAEEEEIKEETPAEKDHEDVTK,1.68E-11,4060.089,0,BL_ORD_ID:8652,127,153,sp|P26637|SYLC_YEAST Leucine--tRNA ligase; cytoplasmic OS=Saccharomyces cerevisiae (strain ATCC 204508 / S288c) GN=CDC60 PE=1 SV=1,,5,4059.963,1.26E-15,0,813.0253906,4060.090571,4058.077812,4058.083862,1.490664073,0.177902432,0
270,TMT_6plex_yeast.FTMS.HCD35.00.17887.17887.2.RT_70.915_min_4254.9_s.dta,IVTLCGDAPEGK,2.61E-13,1716.951,0,BL_ORD_ID:9200,238,249,sp|P00931|TRP_YEAST Tryptophan synthase OS=Saccharomyces cerevisiae (strain ATCC 204508 / S288c) GN=TRP5 PE=1 SV=1,,2,1717.748,3.01E-17,0,859.4832153,1716.951878,1716.948538,1716.951878,1.945402491,0.632640851,0
271,TMT_6plex_yeast.FTMS.HCD35.00.17888.17888.3.RT_70.918_min_4255.1_s.dta,LGHTVVSNEAYSELEK,2.15E-16,2234.213,0,BL_ORD_ID:5294,1035,1050,sp|Q00402|NUM1_YEAST Nuclear migration protein NUM1 OS=Saccharomyces cerevisiae (strain ATCC 204508 / S288c) GN=NUM1 PE=1 SV=2,,3,2234.267,2.21E-20,0,745.7451172,2234.213522,2233.199543,2233.210168,4.757365158,3.444603518,0
272,TMT_6plex_yeast.FTMS.HCD35.00.17889.17889.2.RT_70.921_min_4255.3_s.dta,DYPVVITK,8.30E-10,1391.843,0,BL_ORD_ID:6390,1167,1174,sp|P07259|PYR1_YEAST Protein URA2 OS=Saccharomyces cerevisiae (strain ATCC 204508 / S288c) GN=URA2 PE=1 SV=5,,2,1392.427,9.57E-14,0,696.9293213,1391.84409,1391.842933,1391.84409,0.830844413,-0.481917228,0
273,TMT_6plex_yeast.FTMS.HCD35.00.17890.17890.3.RT_70.924_min_4255.5_s.dta,VVDFEAHPDYIR,2.50E-09,1689.878,0,BL_ORD_ID:1420,90,101,sp|P41811|COPB2_YEAST Coatomer subunit beta' OS=Saccharomyces cerevisiae (strain ATCC 204508 / S288c) GN=SEC27 PE=1 SV=1,,3,1689.784,2.94E-13,0,564.2996826,1689.877219,1688.872479,1688.873864,0.820209743,-0.492551897,0
274,TMT_6plex_yeast.FTMS.HCD35.00.17891.17891.3.RT_70.927_min_4255.6_s.dta,FQEIVK,0.000210994,1220.756,0,BL_ORD_ID:2200,165,170,sp|P02994|EF1A_YEAST Elongation factor 1-alpha OS=Saccharomyces cerevisiae (strain ATCC 204508 / S288c) GN=TEF1 PE=1 SV=1,,3,1221.227,2.43E-08,0,407.9258118,1220.755606,1220.75339,1220.755606,1.815303854,0.502542214,0.558659218
279,TMT_6plex_yeast.FTMS.HCD35.00.17896.17896.2.RT_70.948_min_4256.9_s.dta,NATFPGVQMK,2.75E-13,1549.871,0,BL_ORD_ID:5626,318,327,sp|P16467|PDC5_YEAST Pyruvate decarboxylase isozyme 2 OS=Saccharomyces cerevisiae (strain ATCC 204508 / S288c) GN=PDC5 PE=1 SV=4,,2,1550.607,3.11E-17,0,775.9431763,1549.8718,1549.869165,1549.8718,1.700040508,0.387278867,0
280,TMT_6plex_yeast.FTMS.HCD35.00.17897.17897.4.RT_70.951_min_4257.0_s.dta,TGTKPAAVFTETLKHD,8.03E-14,2402.379,0,BL_ORD_ID:6876,347,362,sp|P10664|RL4A_YEAST 60S ribosomal protein L4-A OS=Saccharomyces cerevisiae (strain ATCC 204508 / S288c) GN=RPL4A PE=1 SV=4,,4,2403.43,8.16E-18,0,601.602478,2402.380807,2402.3777,2402.380807,1.29330899,-0.019452651,0
283,TMT_6plex_yeast.FTMS.HCD35.00.17900.17900.2.RT_70.959_min_4257.6_s.dta,DYPVVITK,1.18E-10,1391.845,0,BL_ORD_ID:6390,1167,1174,sp|P07259|PYR1_YEAST Protein URA2 OS=Saccharomyces cerevisiae (strain ATCC 204508 / S288c) GN=URA2 PE=1 SV=5,,2,1392.427,1.36E-14,0,696.9299927,1391.845433,1391.842933,1391.845433,1.79558936,0.48282772,0
285,TMT_6plex_yeast.FTMS.HCD35.00.17902.17902.3.RT_70.965_min_4257.9_s.dta,NTELSQGTWLNKPK,4.16E-13,2303.333,0,BL_ORD_ID:6586,6,19,sp|P40893|REE1_YEAST Regulation of enolase protein 1 OS=Saccharomyces cerevisiae (strain ATCC 204508 / S288c) GN=REE1 PE=1 SV=1,,3,2303.29,4.58E-17,0,768.7852783,2303.334006,2302.32527,2302.330651,2.33716387,1.024402229,0
294,TMT_6plex_yeast.FTMS.HCD35.00.17911.17911.3.RT_70.997_min_4259.8_s.dta,TIAFESHQGFLR,3.04E-12,1633.88,0,BL_ORD_ID:3252,309,320,sp|P05373|HEM2_YEAST Delta-aminolevulinic acid dehydratase OS=Saccharomyces cerevisiae (strain ATCC 204508 / S288c) GN=HEM2 PE=1 SV=2,,3,1634.754,3.35E-16,0,545.6340942,1633.880454,1633.877898,1633.880454,1.563887881,0.25112624,0